date, pm25
2024/1/1, 175
2024/1/2, 179
2024/1/3, 177
2024/1/4, 181
2024/1/5, 182
2024/1/6, 175
2023/10/1, 88
2023/10/2, 86
2023/10/3, 70
2023/10/4, 72
2023/10/5, 76
2023/10/6, 81
2023/10/7, 83
2023/10/8, 97
2023/10/9, 131
2023/10/10, 78
2023/10/11, 59
2023/10/12, 104
2023/10/13, 147
2023/10/14, 157
2023/10/15, 140
2023/10/16, 158
2023/10/17, 158
2023/10/18, 154
2023/10/19, 134
2023/10/20, 156
2023/10/21, 152
2023/10/22, 160
2023/10/23, 161
2023/10/24, 163
2023/10/25, 166
2023/10/26, 143
2023/10/27, 132
2023/10/28, 151
2023/10/29, 146
2023/10/30, 151
2023/10/31, 157
2023/11/1, 159
2023/11/2, 156
2023/11/3, 161
2023/11/4, 159
2023/11/5, 162
2023/11/6, 163
2023/11/7, 160
2023/11/8, 129
2023/11/9, 129
2023/11/10, 96
2023/11/11, 136
2023/11/12, 171
2023/11/13, 198
2023/11/14, 175
2023/11/15, 179
2023/11/16, 175
2023/11/17, 167
2023/11/18, 170
2023/11/19, 158
2023/11/20, 155
2023/11/21, 162
2023/11/22, 159
2023/11/23, 160
2023/11/24, 147
2023/11/25, 138
2023/11/26, 114
2023/11/27, 80
2023/11/28, 106
2023/11/29, 154
2023/11/30, 160
2023/12/1, 168
2023/12/2, 161
2023/12/3, 158
2023/12/4, 151
2023/12/5, 156
2023/12/6, 163
2023/12/7, 128
2023/12/8, 140
2023/12/9, 145
2023/12/10, 138
2023/12/11, 138
2023/12/12, 132
2023/12/13, 141
2023/12/14, 150
2023/12/15, 146
2023/12/16, 146
2023/12/17, 158
2023/12/18, 158
2023/12/19, 159
2023/12/20, 153
2023/12/21, 164
2023/12/22, 180
2023/12/23, 173
2023/12/24, 172
2023/12/25, 167
2023/12/26, 186
2023/12/27, 178
2023/12/28, 209
2023/12/29, 185
2023/12/30, 184
2023/12/31, 171
2023/7/1, 29
2023/7/2, 27
2023/7/3, 29
2023/7/4, 26
2023/7/5, 36
2023/7/6, 14
2023/7/7, 22
2023/7/8, 45
2023/7/9, 31
2023/7/10, 28
2023/7/11, 29
2023/7/12, 31
2023/7/13, 34
2023/7/14, 31
2023/7/15, 30
2023/7/16, 20
2023/7/17, 13
2023/7/18, 20
2023/7/19, 34
2023/7/20, 37
2023/7/21, 27
2023/7/22, 27
2023/7/23, 19
2023/7/24, 27
2023/7/25, 28
2023/7/26, 16
2023/7/27, 19
2023/7/28, 24
2023/7/29, 28
2023/7/30, 23
2023/7/31, 26
2023/8/1, 23
2023/8/3, 48
2023/8/4, 54
2023/8/5, 47
2023/8/7, 43
2023/8/8, 39
2023/8/9, 31
2023/8/10, 34
2023/8/11, 33
2023/8/12, 31
2023/8/13, 28
2023/8/14, 25
2023/8/15, 22
2023/8/16, 23
2023/8/17, 23
2023/8/18, 19
2023/8/19, 26
2023/8/20, 26
2023/8/21, 23
2023/8/22, 21
2023/8/23, 16
2023/8/25, 11
2023/8/26, 11
2023/8/27, 18
2023/8/28, 27
2023/8/29, 29
2023/8/30, 46
2023/8/31, 57
2023/9/1, 51
2023/9/2, 50
2023/9/3, 56
2023/9/4, 58
2023/9/5, 55
2023/9/6, 49
2023/9/7, 54
2023/9/8, 46
2023/9/9, 30
2023/9/10, 17
2023/9/11, 27
2023/9/12, 32
2023/9/13, 29
2023/9/14, 41
2023/9/15, 41
2023/9/16, 21
2023/9/17, 23
2023/9/18, 29
2023/9/19, 37
2023/9/20, 35
2023/9/21, 30
2023/9/22, 47
2023/9/23, 54
2023/9/24, 54
2023/9/25, 43
2023/9/26, 58
2023/9/27, 75
2023/9/28, 113
2023/9/29, 105
2023/9/30, 85
2023/4/1, 74
2023/4/2, 66
2023/4/3, 63
2023/4/4, 63
2023/4/5, 80
2023/4/6, 101
2023/4/7, 120
2023/4/8, 139
2023/4/9, 146
2023/4/10, 130
2023/4/11, 96
2023/4/12, 103
2023/4/13, 114
2023/4/14, 88
2023/4/15, 84
2023/4/16, 72
2023/4/17, 80
2023/4/18, 102
2023/4/19, 116
2023/4/20, 73
2023/4/21, 56
2023/4/22, 49
2023/4/23, 55
2023/4/24, 68
2023/4/25, 86
2023/4/26, 74
2023/4/27, 67
2023/4/28, 52
2023/4/29, 60
2023/4/30, 50
2023/5/1, 52
2023/5/2, 51
2023/5/3, 54
2023/5/4, 66
2023/5/5, 64
2023/5/6, 61
2023/5/7, 62
2023/5/8, 58
2023/5/9, 68
2023/5/10, 92
2023/5/11, 110
2023/5/12, 108
2023/5/13, 75
2023/5/14, 40
2023/5/15, 68
2023/5/16, 62
2023/5/17, 54
2023/5/18, 52
2023/5/19, 51
2023/5/20, 51
2023/5/21, 47
2023/5/22, 53
2023/5/23, 41
2023/5/24, 36
2023/5/25, 35
2023/5/26, 40
2023/5/27, 35
2023/5/28, 28
2023/5/29, 32
2023/5/30, 41
2023/5/31, 43
2023/6/1, 39
2023/6/2, 29
2023/6/3, 9
2023/6/4, 17
2023/6/5, 25
2023/6/6, 44
2023/6/7, 37
2023/6/8, 33
2023/6/9, 21
2023/6/10, 28
2023/6/11, 51
2023/6/12, 50
2023/6/13, 43
2023/6/14, 43
2023/6/15, 38
2023/6/16, 38
2023/6/17, 38
2023/6/18, 40
2023/6/19, 42
2023/6/20, 50
2023/6/21, 49
2023/6/22, 47
2023/6/23, 35
2023/6/24, 38
2023/6/25, 41
2023/6/26, 37
2023/6/27, 31
2023/6/28, 28
2023/6/29, 20
2023/6/30, 18
2023/1/2, 170
2023/1/3, 175
2023/1/4, 173
2023/1/5, 181
2023/1/6, 176
2023/1/7, 173
2023/1/8, 164
2023/1/9, 131
2023/1/10, 151
2023/1/11, 174
2023/1/12, 153
2023/1/13, 130
2023/1/14, 152
2023/1/15, 169
2023/1/16, 175
2023/1/17, 198
2023/1/18, 225
2023/1/19, 244
2023/1/20, 206
2023/1/21, 165
2023/1/22, 110
2023/1/23, 93
2023/1/24, 162
2023/1/25, 169
2023/1/26, 182
2023/1/27, 184
2023/1/28, 172
2023/1/29, 158
2023/1/30, 157
2023/1/31, 171
2023/2/1, 167
2023/2/2, 168
2023/2/3, 176
2023/2/4, 188
2023/2/5, 195
2023/2/6, 172
2023/2/7, 122
2023/2/8, 164
2023/2/9, 166
2023/2/10, 154
2023/2/11, 134
2023/2/12, 152
2023/2/13, 113
2023/2/14, 144
2023/2/15, 157
2023/2/16, 148
2023/2/17, 154
2023/2/18, 149
2023/2/19, 152
2023/2/20, 158
2023/2/21, 152
2023/2/22, 114
2023/2/23, 154
2023/2/24, 156
2023/2/25, 152
2023/2/26, 165
2023/2/27, 152
2023/2/28, 149
2023/3/1, 152
2023/3/2, 172
2023/3/3, 195
2023/3/4, 201
2023/3/5, 186
2023/3/6, 171
2023/3/7, 124
2023/3/8, 145
2023/3/9, 132
2023/3/10, 119
2023/3/11, 144
2023/3/12, 164
2023/3/13, 170
2023/3/14, 167
2023/3/15, 148
2023/3/16, 133
2023/3/17, 135
2023/3/18, 119
2023/3/19, 83
2023/3/20, 64
2023/3/21, 74
2023/3/22, 79
2023/3/23, 68
2023/3/24, 64
2023/3/25, 64
2023/3/26, 78
2023/3/27, 85
2023/3/28, 90
2023/3/29, 85
2023/3/30, 70
2023/3/31, 60
2022/10/1, 69
2022/10/2, 35
2022/10/3, 50
2022/10/4, 73
2022/10/5, 89
2022/10/6, 41
2022/10/7, 58
2022/10/8, 44
2022/10/9, 34
2022/10/10, 62
2022/10/11, 69
2022/10/12, 80
2022/10/13, 92
2022/10/14, 88
2022/10/15, 91
2022/10/16, 102
2022/10/17, 96
2022/10/18, 74
2022/10/19, 77
2022/10/20, 101
2022/10/21, 114
2022/10/22, 96
2022/10/23, 137
2022/10/24, 151
2022/10/25, 228
2022/10/26, 167
2022/10/27, 148
2022/10/28, 137
2022/10/29, 134
2022/10/30, 124
2022/10/31, 133
2022/11/1, 153
2022/11/2, 158
2022/11/3, 142
2022/11/4, 138
2022/11/5, 139
2022/11/6, 146
2022/11/7, 153
2022/11/8, 160
2022/11/9, 162
2022/11/10, 152
2022/11/11, 154
2022/11/12, 157
2022/11/13, 156
2022/11/14, 168
2022/11/15, 174
2022/11/16, 165
2022/11/17, 145
2022/11/18, 114
2022/11/19, 136
2022/11/20, 134
2022/11/21, 145
2022/11/22, 164
2022/11/23, 164
2022/11/24, 168
2022/11/25, 171
2022/11/26, 180
2022/11/27, 179
2022/11/28, 157
2022/11/29, 160
2022/11/30, 171
2022/12/1, 180
2022/12/2, 178
2022/12/3, 175
2022/12/4, 179
2022/12/5, 186
2022/12/6, 187
2022/12/7, 188
2022/12/8, 178
2022/12/9, 140
2022/12/10, 153
2022/12/11, 161
2022/12/12, 149
2022/12/13, 136
2022/12/14, 116
2022/12/15, 123
2022/12/16, 150
2022/12/17, 148
2022/12/18, 152
2022/12/19, 136
2022/12/20, 148
2022/12/21, 166
2022/12/22, 174
2022/12/23, 165
2022/12/24, 137
2022/12/25, 166
2022/12/26, 175
2022/12/27, 186
2022/12/28, 187
2022/12/29, 181
2022/12/30, 180
2022/12/31, 152
2023/1/1, 154
2022/7/1, 57
2022/7/2, 60
2022/7/3, 47
2022/7/4, 45
2022/7/5, 39
2022/7/6, 42
2022/7/7, 51
2022/7/8, 55
2022/7/9, 52
2022/7/10, 49
2022/7/11, 49
2022/7/12, 44
2022/7/13, 39
2022/7/14, 45
2022/7/15, 55
2022/7/16, 50
2022/7/17, 35
2022/7/18, 44
2022/7/19, 44
2022/7/20, 37
2022/7/21, 37
2022/7/22, 40
2022/7/23, 43
2022/7/24, 33
2022/7/25, 38
2022/7/26, 42
2022/7/27, 47
2022/7/28, 58
2022/7/29, 43
2022/7/30, 31
2022/7/31, 33
2022/8/1, 34
2022/8/2, 40
2022/8/3, 50
2022/8/4, 37
2022/8/5, 41
2022/8/6, 32
2022/8/7, 48
2022/8/8, 23
2022/8/9, 29
2022/8/10, 37
2022/8/11, 47
2022/8/12, 39
2022/8/13, 38
2022/8/14, 34
2022/8/15, 31
2022/8/16, 28
2022/8/17, 25
2022/8/18, 35
2022/8/19, 31
2022/8/20, 32
2022/8/21, 32
2022/8/22, 34
2022/8/23, 27
2022/8/24, 31
2022/8/25, 36
2022/8/26, 45
2022/8/27, 51
2022/8/28, 49
2022/8/29, 55
2022/8/30, 70
2022/8/31, 68
2022/9/1, 59
2022/9/2, 79
2022/9/3, 83
2022/9/4, 57
2022/9/5, 36
2022/9/6, 48
2022/9/7, 58
2022/9/8, 57
2022/9/9, 63
2022/9/10, 54
2022/9/11, 67
2022/9/12, 40
2022/9/13, 32
2022/9/14, 20
2022/9/15, 27
2022/9/16, 29
2022/9/17, 28
2022/9/18, 31
2022/9/19, 57
2022/9/20, 67
2022/9/21, 61
2022/9/22, 62
2022/9/23, 71
2022/9/24, 43
2022/9/25, 30
2022/9/26, 52
2022/9/27, 56
2022/9/28, 77
2022/9/29, 79
2022/9/30, 83
2022/4/1, 155
2022/4/2, 144
2022/4/3, 126
2022/4/4, 110
2022/4/5, 105
2022/4/6, 105
2022/4/7, 108
2022/4/8, 110
2022/4/9, 77
2022/4/10, 73
2022/4/11, 79
2022/4/12, 101
2022/4/13, 96
2022/4/14, 81
2022/4/15, 74
2022/4/17, 69
2022/4/18, 71
2022/4/19, 73
2022/4/20, 85
2022/4/21, 125
2022/4/22, 132
2022/4/23, 124
2022/4/24, 87
2022/4/25, 110
2022/4/26, 77
2022/4/27, 77
2022/4/28, 91
2022/4/29, 70
2022/4/30, 70
2022/5/1, 62
2022/5/2, 65
2022/5/3, 70
2022/5/4, 76
2022/5/5, 76
2022/5/6, 105
2022/5/7, 120
2022/5/8, 94
2022/5/9, 75
2022/5/10, 73
2022/5/11, 74
2022/5/12, 71
2022/5/13, 81
2022/5/14, 98
2022/5/15, 71
2022/5/16, 78
2022/5/17, 124
2022/5/18, 154
2022/5/19, 156
2022/5/20, 112
2022/5/21, 89
2022/5/22, 58
2022/5/23, 47
2022/5/24, 54
2022/5/25, 56
2022/5/26, 58
2022/5/27, 46
2022/5/28, 37
2022/5/29, 43
2022/5/30, 51
2022/5/31, 53
2022/6/1, 54
2022/6/2, 60
2022/6/3, 65
2022/6/4, 51
2022/6/5, 45
2022/6/6, 48
2022/6/7, 45
2022/6/8, 29
2022/6/9, 33
2022/6/10, 53
2022/6/11, 27
2022/6/12, 28
2022/6/13, 36
2022/6/14, 49
2022/6/15, 43
2022/6/16, 56
2022/6/17, 52
2022/6/18, 50
2022/6/19, 33
2022/6/20, 34
2022/6/21, 40
2022/6/22, 48
2022/6/23, 42
2022/6/24, 55
2022/6/25, 40
2022/6/26, 32
2022/6/27, 44
2022/6/28, 57
2022/6/29, 64
2022/6/30, 46
2022/1/3, 159
2022/1/4, 165
2022/1/5, 174
2022/1/6, 152
2022/1/7, 165
2022/1/8, 139
2022/1/9, 81
2022/1/10, 104
2022/1/11, 162
2022/1/12, 154
2022/1/13, 168
2022/1/14, 170
2022/1/15, 161
2022/1/16, 152
2022/1/17, 155
2022/1/18, 160
2022/1/19, 165
2022/1/20, 133
2022/1/21, 114
2022/1/22, 96
2022/1/23, 203
2022/1/24, 165
2022/1/25, 171
2022/1/26, 166
2022/1/27, 160
2022/1/28, 142
2022/1/29, 145
2022/1/30, 159
2022/1/31, 168
2022/2/1, 157
2022/2/2, 169
2022/2/3, 135
2022/2/4, 143
2022/2/5, 164
2022/2/6, 163
2022/2/7, 127
2022/2/8, 90
2022/2/9, 115
2022/2/10, 156
2022/2/11, 133
2022/2/12, 143
2022/2/13, 157
2022/2/14, 132
2022/2/15, 92
2022/2/16, 89
2022/2/17, 104
2022/2/18, 124
2022/2/19, 153
2022/2/20, 139
2022/2/21, 154
2022/2/22, 131
2022/2/23, 135
2022/2/24, 159
2022/2/25, 166
2022/2/26, 149
2022/2/27, 152
2022/2/28, 163
2022/3/1, 160
2022/3/2, 166
2022/3/3, 164
2022/3/4, 133
2022/3/5, 156
2022/3/6, 160
2022/3/7, 160
2022/3/8, 162
2022/3/9, 163
2022/3/10, 163
2022/3/11, 161
2022/3/12, 133
2022/3/13, 134
2022/3/14, 136
2022/3/15, 156
2022/3/16, 142
2022/3/17, 150
2022/3/18, 146
2022/3/19, 100
2022/3/20, 94
2022/3/21, 126
2022/3/22, 137
2022/3/23, 131
2022/3/24, 146
2022/3/25, 96
2022/3/26, 88
2022/3/27, 92
2022/3/28, 102
2022/3/29, 114
2022/3/30, 103
2022/3/31, 106
2021/10/1, 63
2021/10/2, 78
2021/10/3, 88
2021/10/4, 97
2021/10/5, 83
2021/10/6, 85
2021/10/7, 85
2021/10/8, 58
2021/10/9, 50
2021/10/10, 62
2021/10/11, 92
2021/10/12, 105
2021/10/13, 127
2021/10/14, 150
2021/10/15, 137
2021/10/16, 124
2021/10/17, 136
2021/10/18, 74
2021/10/19, 82
2021/10/20, 88
2021/10/21, 126
2021/10/22, 138
2021/10/23, 106
2021/10/24, 67
2021/10/25, 69
2021/10/26, 129
2021/10/27, 131
2021/10/28, 142
2021/10/29, 120
2021/10/30, 122
2021/10/31, 151
2021/11/1, 164
2021/11/2, 163
2021/11/3, 152
2021/11/4, 165
2021/11/5, 157
2021/11/6, 130
2021/11/7, 135
2021/11/8, 157
2021/11/9, 155
2021/11/10, 153
2021/11/11, 159
2021/11/12, 157
2021/11/13, 165
2021/11/14, 164
2021/11/15, 170
2021/11/16, 166
2021/11/17, 124
2021/11/18, 90
2021/11/19, 109
2021/11/20, 124
2021/11/21, 59
2021/11/22, 71
2021/11/23, 84
2021/11/24, 141
2021/11/25, 152
2021/11/26, 154
2021/11/27, 157
2021/11/28, 149
2021/11/29, 152
2021/11/30, 159
2021/12/1, 148
2021/12/2, 121
2021/12/3, 131
2021/12/4, 131
2021/12/5, 126
2021/12/6, 144
2021/12/7, 172
2021/12/8, 172
2021/12/9, 170
2021/12/10, 167
2021/12/11, 160
2021/12/12, 164
2021/12/13, 154
2021/12/14, 154
2021/12/15, 173
2021/12/16, 183
2021/12/17, 181
2021/12/18, 179
2021/12/19, 171
2021/12/20, 172
2021/12/21, 174
2021/12/22, 176
2021/12/23, 175
2021/12/24, 129
2021/12/25, 142
2021/12/26, 169
2021/12/27, 170
2021/12/28, 166
2021/12/29, 140
2021/12/30, 159
2021/12/31, 159
2022/1/1, 154
2022/1/2, 158
2021/7/1, 48
2021/7/2, 47
2021/7/3, 50
2021/7/4, 51
2021/7/5, 58
2021/7/6, 58
2021/7/7, 59
2021/7/8, 60
2021/7/9, 60
2021/7/10, 58
2021/7/11, 36
2021/7/12, 37
2021/7/13, 48
2021/7/14, 40
2021/7/15, 37
2021/7/16, 35
2021/7/17, 30
2021/7/18, 41
2021/7/19, 44
2021/7/20, 49
2021/7/21, 42
2021/7/22, 55
2021/7/23, 55
2021/7/24, 50
2021/7/25, 53
2021/7/26, 58
2021/7/27, 48
2021/7/28, 47
2021/7/29, 50
2021/7/30, 50
2021/7/31, 48
2021/8/1, 44
2021/8/2, 42
2021/8/3, 39
2021/8/4, 46
2021/8/5, 51
2021/8/6, 56
2021/8/7, 58
2021/8/8, 57
2021/8/9, 60
2021/8/10, 53
2021/8/11, 48
2021/8/12, 59
2021/8/13, 49
2021/8/14, 43
2021/8/15, 54
2021/8/16, 69
2021/8/17, 59
2021/8/18, 56
2021/8/19, 51
2021/8/20, 51
2021/8/21, 40
2021/8/22, 58
2021/8/23, 53
2021/8/24, 47
2021/8/25, 43
2021/8/26, 39
2021/8/27, 50
2021/8/28, 60
2021/8/29, 55
2021/8/30, 64
2021/8/31, 55
2021/9/1, 45
2021/9/2, 43
2021/9/3, 46
2021/9/4, 49
2021/9/5, 63
2021/9/6, 49
2021/9/7, 55
2021/9/8, 36
2021/9/9, 36
2021/9/10, 35
2021/9/11, 31
2021/9/12, 35
2021/9/13, 46
2021/9/14, 63
2021/9/15, 61
2021/9/16, 60
2021/9/17, 56
2021/9/18, 50
2021/9/19, 45
2021/9/20, 46
2021/9/21, 36
2021/9/22, 46
2021/9/23, 69
2021/9/24, 63
2021/9/25, 61
2021/9/26, 64
2021/9/27, 62
2021/9/28, 54
2021/9/29, 36
2021/9/30, 60
2021/4/1, 111
2021/4/2, 110
2021/4/3, 90
2021/4/4, 80
2021/4/5, 73
2021/4/6, 99
2021/4/7, 89
2021/4/8, 78
2021/4/9, 87
2021/4/10, 102
2021/4/11, 94
2021/4/12, 98
2021/4/13, 93
2021/4/14, 85
2021/4/15, 88
2021/4/16, 76
2021/4/17, 74
2021/4/18, 90
2021/4/19, 80
2021/4/20, 68
2021/4/21, 69
2021/4/22, 76
2021/4/23, 78
2021/4/24, 78
2021/4/25, 82
2021/4/26, 117
2021/4/27, 95
2021/4/28, 77
2021/4/29, 69
2021/4/30, 75
2021/5/1, 69
2021/5/2, 77
2021/5/3, 105
2021/5/4, 77
2021/5/5, 74
2021/5/6, 71
2021/5/7, 64
2021/5/8, 50
2021/5/9, 38
2021/5/10, 50
2021/5/11, 60
2021/5/12, 58
2021/5/13, 59
2021/5/14, 62
2021/5/15, 102
2021/5/16, 55
2021/5/17, 32
2021/5/19, 53
2021/5/20, 76
2021/5/21, 78
2021/5/22, 67
2021/5/23, 61
2021/5/24, 56
2021/5/25, 58
2021/5/26, 55
2021/5/27, 48
2021/5/28, 47
2021/5/29, 53
2021/5/30, 53
2021/5/31, 66
2021/6/1, 58
2021/6/2, 56
2021/6/3, 55
2021/6/4, 52
2021/6/5, 64
2021/6/6, 47
2021/6/7, 47
2021/6/8, 50
2021/6/9, 39
2021/6/10, 35
2021/6/11, 44
2021/6/12, 29
2021/6/13, 40
2021/6/14, 59
2021/6/15, 51
2021/6/16, 51
2021/6/17, 68
2021/6/18, 73
2021/6/19, 64
2021/6/20, 107
2021/6/21, 94
2021/6/22, 68
2021/6/23, 66
2021/6/24, 59
2021/6/25, 55
2021/6/26, 77
2021/6/27, 54
2021/6/28, 66
2021/6/29, 51
2021/6/30, 53
2021/1/4, 180
2021/1/5, 180
2021/1/6, 194
2021/1/7, 190
2021/1/8, 184
2021/1/9, 180
2021/1/10, 173
2021/1/11, 173
2021/1/12, 170
2021/1/13, 164
2021/1/14, 163
2021/1/15, 151
2021/1/16, 155
2021/1/17, 163
2021/1/18, 126
2021/1/19, 161
2021/1/20, 166
2021/1/21, 170
2021/1/22, 186
2021/1/23, 181
2021/1/24, 160
2021/1/25, 166
2021/1/26, 172
2021/1/27, 175
2021/1/28, 182
2021/1/29, 176
2021/1/30, 169
2021/1/31, 167
2021/2/1, 167
2021/2/2, 154
2021/2/3, 161
2021/2/4, 167
2021/2/5, 152
2021/2/6, 150
2021/2/7, 132
2021/2/8, 145
2021/2/9, 153
2021/2/10, 178
2021/2/11, 187
2021/2/12, 178
2021/2/13, 152
2021/2/14, 145
2021/2/15, 117
2021/2/16, 119
2021/2/17, 134
2021/2/18, 168
2021/2/19, 132
2021/2/20, 130
2021/2/21, 135
2021/2/22, 142
2021/2/23, 165
2021/2/24, 172
2021/2/25, 152
2021/2/26, 129
2021/2/27, 126
2021/2/28, 139
2021/3/1, 159
2021/3/2, 146
2021/3/3, 152
2021/3/4, 160
2021/3/5, 169
2021/3/6, 137
2021/3/7, 122
2021/3/8, 112
2021/3/9, 131
2021/3/10, 131
2021/3/11, 107
2021/3/12, 106
2021/3/13, 154
2021/3/14, 150
2021/3/15, 142
2021/3/16, 134
2021/3/17, 146
2021/3/18, 129
2021/3/19, 135
2021/3/20, 125
2021/3/21, 130
2021/3/22, 134
2021/3/23, 147
2021/3/24, 160
2021/3/25, 140
2021/3/26, 156
2021/3/27, 154
2021/3/28, 143
2021/3/29, 115
2021/3/30, 71
2021/3/31, 75
2020/10/1, 62
2020/10/2, 83
2020/10/3, 97
2020/10/4, 72
2020/10/5, 65
2020/10/6, 87
2020/10/7, 103
2020/10/8, 107
2020/10/9, 136
2020/10/10, 145
2020/10/11, 99
2020/10/12, 117
2020/10/13, 116
2020/10/14, 124
2020/10/15, 65
2020/10/16, 67
2020/10/17, 70
2020/10/18, 65
2020/10/19, 68
2020/10/20, 83
2020/10/21, 95
2020/10/22, 105
2020/10/23, 103
2020/10/24, 116
2020/10/25, 104
2020/10/26, 121
2020/10/27, 128
2020/10/28, 141
2020/10/29, 151
2020/10/30, 145
2020/10/31, 135
2020/11/1, 134
2020/11/2, 157
2020/11/3, 162
2020/11/4, 161
2020/11/5, 156
2020/11/6, 141
2020/11/7, 154
2020/11/8, 160
2020/11/9, 148
2020/11/10, 158
2020/11/11, 160
2020/11/12, 159
2020/11/13, 149
2020/11/14, 131
2020/11/15, 149
2020/11/16, 149
2020/11/17, 149
2020/11/18, 155
2020/11/19, 157
2020/11/20, 150
2020/11/21, 155
2020/11/22, 160
2020/11/23, 128
2020/11/24, 161
2020/11/25, 172
2020/11/26, 170
2020/11/27, 142
2020/11/28, 137
2020/11/29, 107
2020/11/30, 146
2020/12/1, 152
2020/12/2, 161
2020/12/3, 157
2020/12/4, 156
2020/12/5, 161
2020/12/6, 142
2020/12/7, 152
2020/12/8, 149
2020/12/9, 148
2020/12/10, 158
2020/12/11, 160
2020/12/12, 154
2020/12/13, 150
2020/12/14, 124
2020/12/15, 163
2020/12/16, 170
2020/12/17, 171
2020/12/18, 171
2020/12/19, 161
2020/12/20, 158
2020/12/21, 147
2020/12/22, 157
2020/12/23, 163
2020/12/24, 167
2020/12/25, 173
2020/12/26, 171
2020/12/27, 176
2020/12/28, 148
2020/12/29, 163
2020/12/30, 176
2020/12/31, 176
2021/1/1, 187
2021/1/2, 187
2021/1/3, 180
2020/7/1, 42
2020/7/2, 52
2020/7/3, 28
2020/7/4, 38
2020/8/10, 50
2020/8/14, 33
2020/8/15, 47
2020/8/16, 48
2020/8/17, 39
2020/8/18, 35
2020/8/19, 32
2020/8/20, 28
2020/8/21, 24
2020/8/22, 25
2020/8/23, 19
2020/8/25, 37
2020/8/26, 26
2020/8/30, 23
2020/8/31, 29
2020/9/1, 39
2020/9/2, 67
2020/9/3, 56
2020/9/4, 77
2020/9/5, 94
2020/9/6, 120
2020/9/7, 45
2020/9/8, 55
2020/9/9, 65
2020/9/10, 54
2020/9/11, 73
2020/9/12, 43
2020/9/13, 36
2020/9/14, 45
2020/9/15, 46
2020/9/16, 50
2020/9/17, 46
2020/9/18, 64
2020/9/19, 71
2020/9/20, 58
2020/9/21, 72
2020/9/22, 78
2020/9/23, 30
2020/9/24, 57
2020/9/25, 52
2020/9/26, 45
2020/9/27, 62
2020/9/28, 71
2020/9/29, 77
2020/9/30, 68
2020/4/1, 93
2020/4/2, 105
2020/4/3, 99
2020/4/4, 111
2020/4/7, 104
2020/4/8, 113
2020/4/9, 106
2020/4/10, 95
2020/4/11, 103
2020/4/12, 101
2020/4/13, 100
2020/4/14, 100
2020/4/15, 96
2020/4/16, 84
2020/4/17, 78
2020/4/18, 75
2020/4/19, 80
2020/4/20, 96
2020/4/21, 73
2020/4/22, 73
2020/4/23, 75
2020/4/24, 74
2020/4/25, 64
2020/4/26, 79
2020/4/27, 68
2020/4/28, 71
2020/4/29, 76
2020/4/30, 73
2020/5/1, 62
2020/5/2, 58
2020/5/3, 55
2020/5/4, 53
2020/5/5, 53
2020/5/6, 55
2020/5/7, 60
2020/5/8, 65
2020/5/9, 61
2020/5/10, 61
2020/5/11, 69
2020/5/12, 63
2020/5/13, 60
2020/5/14, 60
2020/5/15, 67
2020/5/16, 103
2020/5/17, 107
2020/5/18, 81
2020/5/19, 65
2020/5/20, 56
2020/5/21, 50
2020/5/22, 52
2020/5/23, 60
2020/5/25, 58
2020/5/26, 56
2020/5/27, 53
2020/5/28, 53
2020/5/29, 35
2020/5/30, 43
2020/5/31, 49
2020/6/1, 71
2020/6/2, 88
2020/6/3, 43
2020/6/4, 60
2020/6/5, 63
2020/6/6, 51
2020/6/7, 59
2020/6/8, 47
2020/6/9, 48
2020/6/10, 56
2020/6/11, 46
2020/6/12, 52
2020/6/13, 53
2020/6/14, 50
2020/6/15, 42
2020/6/16, 47
2020/6/17, 36
2020/6/18, 59
2020/6/19, 74
2020/6/20, 65
2020/6/21, 62
2020/6/22, 67
2020/6/23, 62
2020/6/24, 53
2020/6/25, 61
2020/6/26, 64
2020/6/27, 75
2020/6/28, 67
2020/6/29, 40
2020/6/30, 27
2020/1/1, 173
2020/1/2, 173
2020/1/3, 170
2020/1/4, 169
2020/1/5, 163
2020/1/6, 150
2020/1/7, 162
2020/1/8, 138
2020/1/9, 146
2020/1/10, 153
2020/1/11, 157
2020/1/12, 163
2020/1/13, 124
2020/1/14, 98
2020/1/15, 90
2020/1/16, 97
2020/1/17, 78
2020/1/18, 8
2020/1/19, 8
2020/1/20, 157
2020/1/21, 189
2020/1/22, 172
2020/1/23, 176
2020/1/24, 165
2020/1/25, 179
2020/1/26, 189
2020/1/27, 128
2020/1/28, 94
2020/1/29, 91
2020/1/30, 151
2020/1/31, 170
2020/2/1, 171
2020/2/2, 175
2020/2/3, 177
2020/2/4, 167
2020/2/5, 161
2020/2/6, 138
2020/2/7, 145
2020/2/8, 167
2020/2/9, 165
2020/2/10, 158
2020/2/11, 159
2020/2/12, 162
2020/2/13, 163
2020/2/14, 159
2020/2/15, 150
2020/2/16, 167
2020/2/17, 188
2020/2/18, 179
2020/2/19, 187
2020/2/20, 154
2020/2/21, 133
2020/2/22, 165
2020/2/23, 173
2020/2/24, 180
2020/2/25, 138
2020/2/26, 141
2020/2/27, 153
2020/2/28, 172
2020/2/29, 165
2020/3/1, 139
2020/3/2, 152
2020/3/3, 132
2020/3/4, 121
2020/3/5, 122
2020/3/6, 93
2020/3/7, 104
2020/3/8, 110
2020/3/9, 142
2020/3/10, 120
2020/3/11, 72
2020/3/12, 85
2020/3/13, 100
2020/3/14, 123
2020/3/15, 156
2020/3/16, 166
2020/3/17, 177
2020/3/18, 148
2020/3/19, 113
2020/3/20, 83
2020/3/21, 85
2020/3/22, 86
2020/3/23, 99
2020/3/24, 128
2020/3/25, 115
2020/3/26, 108
2020/3/27, 103
2020/3/28, 114
2020/3/29, 86
2019/10/1, 41
2019/10/2, 53
2019/10/3, 58
2019/10/4, 76
2019/10/5, 93
2019/10/6, 100
2019/10/7, 118
2019/10/8, 138
2019/10/9, 65
2019/10/10, 109
2019/10/11, 110
2019/10/12, 120
2019/10/13, 105
2019/10/14, 138
2019/10/15, 132
2019/10/16, 128
2019/10/17, 147
2019/10/18, 140
2019/10/19, 81
2019/10/20, 50
2019/10/21, 61
2019/10/22, 48
2019/10/23, 54
2019/10/24, 78
2019/10/25, 60
2019/10/26, 61
2019/10/27, 107
2019/10/28, 117
2019/10/29, 127
2019/10/30, 107
2019/10/31, 72
2019/11/1, 44
2019/11/2, 41
2019/11/3, 60
2019/11/4, 83
2019/11/5, 102
2019/11/6, 142
2019/11/7, 15
2019/11/12, 7
2019/11/13, 99
2019/11/14, 159
2019/11/15, 158
2019/11/16, 162
2019/11/17, 163
2019/11/18, 163
2019/11/19, 174
2019/11/20, 174
2019/11/21, 174
2019/11/22, 171
2019/11/23, 170
2019/11/24, 170
2019/11/25, 172
2019/11/26, 170
2019/11/27, 160
2019/11/28, 162
2019/11/29, 165
2019/11/30, 169
2019/12/1, 174
2019/12/2, 148
2019/12/3, 116
2019/12/4, 137
2019/12/5, 139
2019/12/6, 168
2019/12/7, 160
2019/12/8, 170
2019/12/9, 164
2019/12/10, 160
2019/12/11, 164
2019/12/12, 164
2019/12/13, 134
2019/12/14, 129
2019/12/15, 152
2019/12/16, 164
2019/12/17, 157
2019/12/18, 156
2019/12/19, 152
2019/12/20, 168
2019/12/21, 167
2019/12/22, 167
2019/12/23, 164
2019/12/24, 179
2019/12/25, 185
2019/12/26, 158
2019/12/27, 162
2019/12/28, 160
2019/12/29, 159
2019/7/1, 32
2019/7/2, 48
2019/7/3, 62
2019/7/4, 75
2019/7/5, 65
2019/7/6, 46
2019/7/7, 59
2019/7/8, 48
2019/7/9, 83
2019/7/10, 85
2019/7/11, 73
2019/7/12, 43
2019/7/13, 44
2019/7/14, 36
2019/7/15, 52
2019/7/16, 48
2019/7/17, 56
2019/7/18, 59
2019/7/19, 75
2019/7/20, 70
2019/7/21, 74
2019/7/22, 37
2019/7/23, 26
2019/7/24, 30
2019/7/25, 55
2019/7/26, 52
2019/7/27, 51
2019/7/28, 59
2019/7/29, 54
2019/7/30, 42
2019/7/31, 38
2019/8/1, 47
2019/8/2, 31
2019/8/3, 27
2019/8/4, 39
2019/8/5, 49
2019/8/6, 47
2019/8/7, 53
2019/8/8, 79
2019/8/9, 75
2019/8/10, 71
2019/8/11, 62
2019/8/12, 55
2019/8/13, 55
2019/8/14, 65
2019/8/15, 53
2019/8/16, 48
2019/8/17, 55
2019/8/18, 49
2019/8/19, 53
2019/8/20, 53
2019/8/21, 44
2019/8/22, 52
2019/8/23, 53
2019/8/24, 48
2019/8/25, 47
2019/8/26, 64
2019/8/27, 56
2019/8/28, 56
2019/8/29, 53
2019/8/30, 44
2019/8/31, 45
2019/9/1, 37
2019/9/2, 49
2019/9/3, 19
2019/9/4, 18
2019/9/5, 13
2019/9/6, 22
2019/9/7, 30
2019/9/8, 30
2019/9/9, 54
2019/9/10, 55
2019/9/11, 66
2019/9/12, 42
2019/9/13, 44
2019/9/14, 48
2019/9/15, 34
2019/9/16, 45
2019/9/17, 44
2019/9/18, 59
2019/9/19, 70
2019/9/20, 50
2019/9/21, 53
2019/9/22, 64
2019/9/23, 65
2019/9/24, 56
2019/9/25, 57
2019/9/26, 53
2019/9/27, 33
2019/9/28, 39
2019/9/29, 31
2019/9/30, 29
2019/4/1, 84
2019/4/2, 89
2019/4/3, 100
2019/4/4, 89
2019/4/5, 74
2019/4/6, 72
2019/4/7, 77
2019/4/8, 76
2019/4/9, 71
2019/4/10, 72
2019/4/11, 76
2019/4/12, 92
2019/4/13, 115
2019/4/14, 98
2019/4/15, 90
2019/4/16, 98
2019/4/17, 59
2019/4/18, 79
2019/4/19, 91
2019/4/20, 83
2019/4/21, 82
2019/4/22, 87
2019/4/23, 72
2019/4/24, 72
2019/4/25, 66
2019/4/26, 70
2019/4/28, 112
2019/4/29, 91
2019/4/30, 96
2019/5/1, 90
2019/5/2, 106
2019/5/3, 93
2019/5/4, 94
2019/5/5, 79
2019/5/6, 75
2019/5/7, 73
2019/5/8, 64
2019/5/9, 51
2019/5/10, 44
2019/5/11, 51
2019/5/12, 58
2019/5/13, 70
2019/5/14, 65
2019/5/15, 72
2019/5/16, 69
2019/5/17, 69
2019/5/18, 72
2019/5/19, 61
2019/5/20, 55
2019/5/21, 58
2019/5/22, 51
2019/5/23, 56
2019/5/24, 78
2019/5/25, 69
2019/5/26, 76
2019/5/27, 83
2019/5/28, 75
2019/5/29, 61
2019/5/30, 56
2019/5/31, 57
2019/6/1, 50
2019/6/2, 51
2019/6/3, 52
2019/6/4, 44
2019/6/5, 51
2019/6/6, 46
2019/6/7, 43
2019/6/8, 48
2019/6/9, 55
2019/6/10, 58
2019/6/11, 69
2019/6/12, 56
2019/6/13, 85
2019/6/14, 72
2019/6/15, 62
2019/6/16, 60
2019/6/17, 61
2019/6/18, 67
2019/6/19, 52
2019/6/24, 85
2019/6/25, 66
2019/6/26, 52
2019/6/27, 41
2019/6/28, 31
2019/6/29, 50
2019/6/30, 58
2019/1/1, 196
2019/1/2, 204
2019/1/3, 229
2019/1/4, 207
2019/1/5, 192
2019/1/6, 211
2019/1/7, 169
2019/1/8, 175
2019/1/9, 195
2019/1/10, 216
2019/1/11, 225
2019/1/12, 223
2019/1/13, 222
2019/1/14, 188
2019/1/15, 183
2019/1/16, 184
2019/1/17, 200
2019/1/18, 208
2019/1/19, 205
2019/1/20, 255
2019/1/22, 115
2019/1/23, 134
2019/1/24, 157
2019/1/25, 153
2019/1/26, 146
2019/1/27, 151
2019/1/28, 138
2019/1/29, 136
2019/1/30, 155
2019/1/31, 150
2019/2/1, 159
2019/2/2, 174
2019/2/3, 180
2019/2/4, 166
2019/2/5, 174
2019/2/6, 158
2019/2/7, 109
2019/2/8, 148
2019/2/9, 152
2019/2/10, 168
2019/2/11, 190
2019/2/12, 175
2019/2/13, 151
2019/2/14, 110
2019/2/15, 140
2019/2/16, 141
2019/2/17, 157
2019/2/18, 150
2019/2/19, 145
2019/2/20, 164
2019/2/21, 108
2019/2/22, 121
2019/2/23, 174
2019/2/24, 154
2019/2/25, 136
2019/2/26, 122
2019/2/27, 114
2019/2/28, 122
2019/3/1, 155
2019/3/2, 161
2019/3/3, 80
2019/3/4, 87
2019/3/5, 120
2019/3/6, 108
2019/3/7, 121
2019/3/8, 136
2019/3/9, 147
2019/3/10, 137
2019/3/11, 118
2019/3/12, 106
2019/3/13, 121
2019/3/14, 102
2019/3/15, 118
2019/3/16, 152
2019/3/17, 148
2019/3/18, 155
2019/3/19, 138
2019/3/20, 121
2019/3/21, 95
2019/3/22, 86
2019/3/23, 130
2019/3/24, 161
2019/3/25, 164
2019/3/26, 157
2019/3/27, 145
2019/3/28, 141
2019/3/29, 130
2019/3/30, 114
2019/3/31, 86
2018/10/11, 106
2018/10/12, 147
2018/10/13, 172
2018/10/14, 170
2018/10/15, 164
2018/10/16, 161
2018/10/17, 150
2018/10/18, 120
2018/10/19, 131
2018/10/20, 157
2018/10/21, 172
2018/10/22, 173
2018/10/23, 149
2018/10/24, 153
2018/10/25, 157
2018/10/26, 141
2018/10/27, 164
2018/10/28, 143
2018/10/29, 114
2018/10/30, 147
2018/10/31, 150
2018/11/1, 147
2018/11/2, 145
2018/11/3, 126
2018/11/4, 114
2018/11/5, 105
2018/11/6, 167
2018/11/7, 148
2018/11/8, 253
2018/11/9, 200
2018/11/10, 233
2018/11/11, 169
2018/11/12, 166
2018/11/13, 166
2018/11/14, 154
2018/11/15, 153
2018/11/16, 162
2018/11/17, 165
2018/11/18, 176
2018/11/19, 183
2018/11/20, 183
2018/11/21, 208
2018/11/22, 165
2018/11/23, 166
2018/11/24, 166
2018/11/25, 170
2018/11/26, 175
2018/11/27, 171
2018/11/28, 165
2018/11/29, 166
2018/11/30, 166
2018/12/1, 171
2018/12/2, 179
2018/12/3, 178
2018/12/4, 173
2018/12/5, 175
2018/12/6, 163
2018/12/7, 162
2018/12/8, 174
2018/12/9, 173
2018/12/10, 162
2018/12/11, 149
2018/12/12, 136
2018/12/13, 145
2018/12/14, 140
2018/12/15, 156
2018/12/16, 160
2018/12/17, 163
2018/12/18, 164
2018/12/21, 133
2018/12/22, 161
2018/12/23, 168
2018/12/24, 180
2018/12/25, 197
2018/12/26, 157
2018/12/27, 145
2018/12/28, 167
2018/12/29, 157
2018/12/30, 161
2018/7/1, 98
2018/7/2, 93
2018/7/3, 115
2018/7/4, 126
2018/7/5, 121
2018/7/6, 145
2018/7/7, 134
2018/7/8, 92
2018/7/9, 100
2018/7/10, 100
2018/7/11, 159
2018/7/12, 124
2018/7/13, 167
2018/7/14, 161
2018/7/15, 159
2018/7/16, 175
2018/7/17, 182
2018/7/18, 162
2018/7/19, 155
2018/7/20, 151
2018/7/21, 160
2018/7/22, 140
2018/7/23, 139
2018/7/24, 159
2018/7/25, 124
2018/7/26, 110
2018/7/27, 162
2018/7/28, 148
2018/7/29, 151
2018/7/30, 148
2018/7/31, 138
2018/8/1, 149
2018/8/2, 125
2018/8/3, 109
2018/8/4, 121
2018/8/5, 116
2018/8/6, 136
2018/8/7, 150
2018/8/8, 143
2018/8/9, 147
2018/8/10, 134
2018/8/11, 130
2018/8/12, 131
2018/8/13, 130
2018/8/14, 156
2018/8/15, 131
2018/8/16, 163
2018/8/17, 146
2018/8/20, 187
2018/8/21, 139
2018/8/22, 110
2018/8/23, 109
2018/8/24, 126
2018/8/25, 113
2018/8/26, 66
2018/8/27, 111
2018/8/28, 107
2018/8/29, 102
2018/8/30, 90
2018/8/31, 73
2018/9/25, 81
2018/9/28, 155
2018/4/1, 120
2018/4/2, 94
2018/4/3, 97
2018/4/4, 107
2018/4/5, 124
2018/4/6, 147
2018/4/7, 135
2018/4/8, 143
2018/4/9, 143
2018/4/10, 138
2018/4/11, 129
2018/4/12, 111
2018/4/13, 108
2018/4/14, 113
2018/4/16, 79
2018/4/18, 94
2018/4/19, 132
2018/4/20, 103
2018/4/21, 88
2018/4/22, 112
2018/4/23, 123
2018/4/24, 128
2018/4/25, 121
2018/4/26, 79
2018/4/27, 100
2018/4/28, 75
2018/4/29, 98
2018/4/30, 122
2018/5/1, 118
2018/5/2, 90
2018/5/3, 89
2018/5/4, 82
2018/5/5, 103
2018/5/6, 92
2018/5/7, 87
2018/5/8, 83
2018/5/9, 89
2018/5/10, 95
2018/5/11, 100
2018/5/12, 122
2018/5/13, 103
2018/5/14, 75
2018/5/15, 69
2018/5/16, 73
2018/5/17, 97
2018/5/18, 101
2018/5/19, 113
2018/5/20, 113
2018/5/21, 99
2018/5/22, 110
2018/5/23, 91
2018/5/24, 97
2018/5/25, 90
2018/5/26, 79
2018/5/27, 92
2018/5/28, 83
2018/5/29, 83
2018/5/30, 91
2018/5/31, 108
2018/6/1, 109
2018/6/2, 104
2018/6/5, 78
2018/6/6, 80
2018/6/8, 87
2018/6/9, 81
2018/6/10, 111
2018/6/11, 113
2018/6/12, 117
2018/6/13, 106
2018/6/14, 104
2018/6/15, 106
2018/6/18, 34
2018/6/19, 69
2018/6/20, 137
2018/6/21, 115
2018/6/22, 116
2018/6/23, 95
2018/6/24, 72
2018/6/25, 85
2018/6/26, 124
2018/6/27, 117
2018/6/28, 108
2018/6/29, 165
2018/6/30, 126
2018/1/1, 218
2018/1/2, 204
2018/1/3, 250
2018/1/4, 270
2018/1/5, 211
2018/1/6, 183
2018/1/7, 152
2018/1/8, 177
2018/1/9, 223
2018/1/10, 220
2018/1/11, 188
2018/1/12, 201
2018/1/13, 180
2018/1/14, 209
2018/1/15, 202
2018/1/16, 170
2018/1/17, 177
2018/1/18, 169
2018/1/19, 97
2018/1/20, 159
2018/1/21, 178
2018/1/22, 188
2018/1/23, 191
2018/1/24, 153
2018/1/25, 179
2018/1/26, 182
2018/1/27, 164
2018/1/28, 150
2018/1/29, 182
2018/1/30, 202
2018/1/31, 175
2018/2/1, 203
2018/2/2, 211
2018/2/3, 198
2018/2/4, 186
2018/2/5, 193
2018/2/6, 239
2018/2/7, 211
2018/2/8, 282
2018/2/9, 155
2018/2/10, 132
2018/2/11, 99
2018/2/12, 109
2018/2/13, 160
2018/2/14, 174
2018/2/15, 150
2018/2/16, 167
2018/2/17, 160
2018/2/18, 162
2018/2/19, 180
2018/2/20, 208
2018/2/21, 182
2018/2/22, 202
2018/2/23, 208
2018/2/24, 193
2018/2/25, 179
2018/2/26, 191
2018/2/27, 196
2018/2/28, 221
2018/3/1, 225
2018/3/2, 327
2018/3/3, 206
2018/3/4, 167
2018/3/5, 166
2018/3/6, 162
2018/3/7, 127
2018/3/8, 135
2018/3/9, 133
2018/3/10, 134
2018/3/11, 146
2018/3/12, 162
2018/3/13, 138
2018/3/14, 108
2018/3/15, 123
2018/3/16, 166
2018/3/17, 151
2018/3/18, 147
2018/3/19, 107
2018/3/20, 132
2018/3/21, 122
2018/3/22, 119
2018/3/23, 143
2018/3/24, 152
2018/3/25, 181
2018/3/26, 170
2018/3/27, 155
2018/3/28, 142
2018/3/29, 123
2018/3/30, 114
2018/3/31, 100
2017/10/1, 151
2017/10/2, 136
2017/10/3, 153
2017/10/4, 153
2017/10/5, 173
2017/10/6, 171
2017/10/7, 171
2017/10/8, 101
2017/10/9, 121
2017/10/10, 141
2017/10/11, 113
2017/10/12, 74
2017/10/13, 140
2017/10/14, 156
2017/10/15, 151
2017/10/16, 167
2017/10/17, 167
2017/10/18, 198
2017/10/19, 238
2017/10/20, 301
2017/10/21, 169
2017/10/22, 151
2017/10/23, 161
2017/10/24, 150
2017/10/25, 148
2017/10/26, 150
2017/10/27, 174
2017/10/28, 175
2017/10/29, 165
2017/10/30, 172
2017/12/20, 151
2017/12/21, 169
2017/12/22, 185
2017/12/23, 176
2017/12/24, 210
2017/12/25, 252
2017/12/26, 192
2017/12/27, 180
2017/12/28, 187
2017/12/29, 216
2017/12/30, 223
2017/12/31, 182
2017/7/1, 61
2017/7/2, 90
2017/7/3, 92
2017/7/4, 66
2017/7/5, 64
2017/7/6, 58
2017/7/7, 62
2017/7/8, 63
2017/7/9, 41
2017/7/10, 53
2017/7/11, 56
2017/7/12, 46
2017/7/13, 62
2017/7/14, 76
2017/7/15, 59
2017/7/17, 34
2017/7/18, 41
2017/7/19, 27
2017/7/20, 62
2017/7/21, 42
2017/7/22, 52
2017/7/23, 49
2017/7/24, 55
2017/7/25, 63
2017/7/26, 44
2017/7/27, 44
2017/7/28, 50
2017/7/29, 50
2017/7/30, 33
2017/7/31, 60
2017/8/1, 31
2017/8/2, 37
2017/8/3, 41
2017/8/4, 65
2017/8/5, 56
2017/8/6, 55
2017/8/7, 62
2017/8/8, 58
2017/8/9, 62
2017/8/10, 95
2017/8/11, 69
2017/8/12, 36
2017/8/13, 37
2017/8/14, 34
2017/8/15, 52
2017/8/16, 55
2017/8/17, 49
2017/8/18, 59
2017/8/19, 71
2017/8/20, 108
2017/8/21, 92
2017/8/22, 62
2017/8/23, 61
2017/8/24, 49
2017/8/25, 46
2017/8/26, 54
2017/8/27, 45
2017/8/28, 43
2017/8/29, 27
2017/9/1, 82
2017/9/2, 97
2017/9/3, 69
2017/9/4, 111
2017/9/5, 103
2017/9/6, 132
2017/9/11, 162
2017/9/12, 139
2017/9/13, 98
2017/9/14, 98
2017/9/15, 101
2017/9/16, 93
2017/9/17, 92
2017/9/18, 65
2017/9/19, 89
2017/9/20, 95
2017/9/21, 135
2017/9/22, 100
2017/9/23, 93
2017/9/24, 107
2017/9/25, 89
2017/9/26, 99
2017/9/27, 92
2017/9/28, 15
2017/9/29, 13
2017/9/30, 101
2017/4/1, 100
2017/4/2, 97
2017/4/3, 96
2017/4/4, 83
2017/4/5, 85
2017/4/6, 84
2017/4/7, 129
2017/4/8, 154
2017/4/9, 169
2017/4/10, 170
2017/4/11, 151
2017/4/12, 147
2017/4/13, 166
2017/4/14, 131
2017/4/15, 105
2017/4/16, 105
2017/4/17, 82
2017/4/18, 107
2017/4/19, 77
2017/4/20, 81
2017/4/21, 76
2017/4/22, 75
2017/4/23, 88
2017/4/24, 96
2017/4/25, 123
2017/4/26, 138
2017/4/27, 114
2017/4/28, 98
2017/4/29, 81
2017/5/1, 65
2017/5/2, 96
2017/5/3, 93
2017/5/4, 93
2017/5/5, 99
2017/5/6, 91
2017/5/7, 63
2017/5/8, 93
2017/5/26, 29
2017/5/27, 33
2017/5/28, 27
2017/5/29, 32
2017/5/30, 34
2017/5/31, 35
2017/6/1, 53
2017/6/2, 48
2017/6/3, 23
2017/6/4, 43
2017/6/5, 65
2017/6/6, 63
2017/6/7, 33
2017/6/8, 39
2017/6/9, 29
2017/6/10, 29
2017/6/11, 46
2017/6/12, 34
2017/6/13, 41
2017/6/14, 37
2017/6/15, 40
2017/6/16, 16
2017/6/17, 22
2017/6/18, 24
2017/6/19, 44
2017/6/20, 25
2017/6/21, 42
2017/6/22, 39
2017/6/23, 51
2017/6/24, 64
2017/6/25, 59
2017/6/26, 38
2017/6/27, 62
2017/6/28, 43
2017/6/29, 64
2017/6/30, 88
2017/1/2, 240
2017/1/3, 184
2017/1/4, 199
2017/1/5, 198
2017/1/6, 190
2017/1/7, 173
2017/1/8, 150
2017/1/9, 157
2017/1/10, 164
2017/1/11, 185
2017/1/12, 196
2017/1/18, 200
2017/1/19, 208
2017/1/20, 199
2017/1/21, 182
2017/1/22, 169
2017/1/23, 183
2017/1/24, 180
2017/1/25, 186
2017/1/26, 200
2017/1/27, 140
2017/1/28, 156
2017/1/29, 163
2017/1/30, 173
2017/1/31, 194
2017/2/1, 190
2017/2/2, 208
2017/2/3, 213
2017/2/4, 144
2017/2/5, 123
2017/2/6, 141
2017/2/7, 169
2017/2/8, 168
2017/2/9, 170
2017/2/10, 172
2017/2/11, 146
2017/2/12, 171
2017/2/13, 203
2017/2/14, 190
2017/2/15, 166
2017/2/16, 180
2017/2/17, 172
2017/2/18, 162
2017/2/19, 178
2017/2/20, 184
2017/2/21, 130
2017/2/22, 128
2017/2/23, 154
2017/2/24, 177
2017/2/25, 167
2017/2/26, 173
2017/2/27, 212
2017/2/28, 191
2017/3/1, 194
2017/3/2, 166
2017/3/3, 156
2017/3/4, 152
2017/3/5, 142
2017/3/6, 165
2017/3/7, 177
2017/3/8, 152
2017/3/9, 121
2017/3/10, 90
2017/3/11, 92
2017/3/12, 166
2017/3/13, 234
2017/3/14, 171
2017/3/15, 178
2017/3/16, 162
2017/3/17, 140
2017/3/18, 125
2017/3/19, 96
2017/3/20, 118
2017/3/21, 142
2017/3/22, 153
2017/3/23, 150
2017/3/24, 137
2017/3/25, 140
2017/3/26, 138
2017/3/27, 166
2017/3/28, 158
2017/3/29, 155
2017/3/30, 146
2017/3/31, 144
2016/10/1, 66
2016/10/2, 72
2016/10/3, 71
2016/10/4, 62
2016/10/5, 68
2016/10/6, 70
2016/10/7, 48
2016/10/8, 65
2016/10/9, 53
2016/10/10, 76
2016/10/11, 102
2016/10/12, 109
2016/10/13, 97
2016/10/14, 141
2016/10/15, 163
2016/10/16, 164
2016/10/17, 170
2016/10/18, 160
2016/10/19, 161
2016/10/20, 162
2016/10/21, 165
2016/10/22, 162
2016/10/23, 168
2016/10/24, 147
2016/10/25, 125
2016/10/26, 139
2016/10/27, 163
2016/10/28, 168
2016/10/29, 188
2016/10/30, 197
2016/10/31, 210
2016/11/1, 212
2016/11/2, 165
2016/11/3, 164
2016/11/4, 171
2016/11/5, 168
2016/11/6, 161
2016/11/7, 162
2016/11/8, 168
2016/11/9, 161
2016/11/10, 173
2016/11/11, 182
2016/11/12, 180
2016/11/13, 179
2016/11/14, 189
2016/11/15, 211
2016/11/16, 205
2016/11/17, 190
2016/11/18, 166
2016/11/19, 178
2016/11/28, 168
2016/11/29, 209
2016/12/1, 180
2016/12/2, 190
2016/12/3, 177
2016/12/4, 168
2016/12/5, 171
2016/12/6, 174
2016/12/7, 172
2016/12/8, 180
2016/12/9, 186
2016/12/10, 196
2016/12/11, 171
2016/12/12, 183
2016/12/13, 171
2016/12/14, 168
2016/12/15, 157
2016/12/16, 170
2016/12/17, 171
2016/12/18, 134
2016/12/19, 149
2016/12/20, 164
2016/12/21, 177
2016/12/22, 185
2016/12/23, 199
2016/12/24, 200
2016/12/25, 243
2016/12/26, 196
2016/12/27, 180
2016/12/28, 171
2016/12/29, 190
2016/12/30, 204
2016/12/31, 230
2017/1/1, 235
2016/7/1, 68
2016/7/2, 50
2016/7/3, 69
2016/7/4, 73
2016/7/5, 76
2016/7/6, 77
2016/7/7, 76
2016/7/8, 76
2016/7/9, 77
2016/7/10, 77
2016/7/11, 85
2016/7/12, 84
2016/7/13, 84
2016/7/14, 71
2016/7/15, 80
2016/7/16, 69
2016/7/17, 52
2016/7/18, 51
2016/7/19, 64
2016/7/20, 61
2016/7/21, 73
2016/7/22, 77
2016/7/23, 79
2016/7/24, 70
2016/7/25, 61
2016/7/26, 67
2016/7/27, 67
2016/7/28, 66
2016/7/29, 60
2016/7/30, 54
2016/7/31, 59
2016/8/1, 53
2016/8/2, 57
2016/8/3, 44
2016/8/4, 38
2016/8/5, 46
2016/8/6, 47
2016/8/7, 47
2016/8/8, 58
2016/8/9, 61
2016/8/10, 49
2016/8/11, 50
2016/8/12, 53
2016/8/13, 61
2016/8/14, 45
2016/8/15, 37
2016/8/16, 39
2016/8/17, 47
2016/8/18, 53
2016/8/19, 54
2016/8/20, 50
2016/8/22, 42
2016/8/23, 46
2016/8/24, 72
2016/8/25, 59
2016/8/26, 49
2016/8/27, 52
2016/8/28, 42
2016/8/29, 61
2016/8/30, 65
2016/8/31, 51
2016/9/1, 49
2016/9/2, 58
2016/9/3, 78
2016/9/4, 72
2016/9/5, 52
2016/9/6, 55
2016/9/7, 56
2016/9/8, 60
2016/9/9, 96
2016/9/10, 90
2016/9/11, 97
2016/9/12, 74
2016/9/13, 86
2016/9/14, 67
2016/9/15, 49
2016/9/16, 72
2016/9/17, 50
2016/9/18, 33
2016/9/19, 29
2016/9/20, 53
2016/9/21, 43
2016/9/22, 50
2016/9/23, 71
2016/9/24, 67
2016/9/25, 55
2016/9/26, 47
2016/9/27, 63
2016/9/28, 59
2016/9/29, 67
2016/9/30, 83
2016/4/1, 83
2016/4/2, 88
2016/4/3, 111
2016/4/4, 114
2016/4/5, 88
2016/4/6, 77
2016/4/7, 83
2016/4/8, 107
2016/4/9, 113
2016/4/10, 115
2016/4/11, 116
2016/4/12, 107
2016/4/13, 99
2016/4/14, 121
2016/4/15, 107
2016/4/18, 107
2016/4/19, 104
2016/4/20, 130
2016/4/21, 113
2016/4/22, 73
2016/4/23, 83
2016/4/24, 81
2016/4/25, 90
2016/4/26, 85
2016/4/29, 76
2016/4/30, 83
2016/5/1, 73
2016/5/2, 66
2016/5/3, 73
2016/5/4, 75
2016/5/5, 49
2016/5/6, 59
2016/5/7, 69
2016/5/8, 61
2016/5/9, 62
2016/5/10, 67
2016/5/11, 57
2016/5/12, 60
2016/5/13, 68
2016/5/14, 69
2016/5/15, 59
2016/5/16, 59
2016/5/17, 63
2016/5/18, 62
2016/5/19, 56
2016/5/20, 41
2016/5/21, 66
2016/5/22, 58
2016/5/23, 44
2016/5/24, 41
2016/5/25, 37
2016/5/26, 60
2016/5/27, 63
2016/5/28, 59
2016/5/29, 46
2016/5/30, 54
2016/5/31, 39
2016/6/1, 68
2016/6/2, 60
2016/6/3, 54
2016/6/4, 60
2016/6/5, 55
2016/6/6, 96
2016/6/7, 75
2016/6/8, 55
2016/6/9, 61
2016/6/10, 60
2016/6/11, 72
2016/6/12, 55
2016/6/13, 63
2016/6/14, 72
2016/6/15, 68
2016/6/16, 88
2016/6/17, 79
2016/6/18, 80
2016/6/19, 80
2016/6/20, 99
2016/6/21, 51
2016/6/22, 57
2016/6/23, 44
2016/6/24, 52
2016/6/25, 29
2016/6/27, 46
2016/6/28, 40
2016/6/29, 49
2016/6/30, 53
2016/1/4, 188
2016/1/5, 187
2016/1/6, 212
2016/1/7, 242
2016/1/8, 211
2016/1/9, 194
2016/1/10, 178
2016/1/11, 197
2016/1/12, 181
2016/1/13, 173
2016/1/14, 217
2016/1/15, 163
2016/1/16, 149
2016/1/17, 149
2016/1/18, 174
2016/1/19, 142
2016/1/20, 159
2016/1/21, 163
2016/1/22, 146
2016/1/23, 163
2016/1/24, 173
2016/1/25, 195
2016/1/26, 168
2016/1/27, 173
2016/1/28, 217
2016/1/29, 218
2016/1/30, 195
2016/1/31, 179
2016/2/1, 193
2016/2/2, 173
2016/2/3, 193
2016/2/4, 185
2016/2/5, 205
2016/2/6, 165
2016/2/7, 119
2016/2/8, 148
2016/2/9, 214
2016/2/10, 158
2016/2/11, 118
2016/2/12, 117
2016/2/13, 150
2016/2/14, 148
2016/2/15, 166
2016/2/16, 165
2016/2/17, 169
2016/2/18, 162
2016/2/19, 147
2016/2/20, 140
2016/2/21, 158
2016/2/22, 139
2016/2/23, 168
2016/2/24, 173
2016/2/25, 116
2016/2/26, 159
2016/2/27, 205
2016/2/28, 179
2016/2/29, 188
2016/3/1, 198
2016/3/2, 180
2016/3/3, 170
2016/3/4, 126
2016/3/5, 141
2016/3/6, 107
2016/3/7, 136
2016/3/8, 145
2016/3/9, 127
2016/3/10, 156
2016/3/11, 168
2016/3/12, 114
2016/3/13, 67
2016/3/14, 95
2016/3/15, 99
2016/3/16, 100
2016/3/17, 122
2016/3/18, 124
2016/3/21, 130
2016/3/22, 163
2016/3/23, 160
2016/3/24, 157
2016/3/25, 131
2016/3/26, 138
2016/3/27, 153
2016/3/28, 134
2016/3/29, 140
2016/3/30, 134
2016/3/31, 102
2015/10/1, 153
2015/10/2, 126
2015/10/3, 87
2015/10/4, 96
2015/10/5, 115
2015/10/6, 157
2015/10/7, 171
2015/10/8, 172
2015/10/9, 96
2015/10/10, 71
2015/10/11, 80
2015/10/12, 95
2015/10/13, 139
2015/10/14, 160
2015/10/15, 169
2015/10/16, 156
2015/10/17, 159
2015/10/18, 156
2015/10/19, 163
2015/10/20, 160
2015/10/21, 172
2015/10/25, 173
2015/10/26, 163
2015/10/27, 156
2015/10/28, 175
2015/10/29, 174
2015/10/30, 154
2015/10/31, 157
2015/11/1, 155
2015/11/2, 153
2015/11/3, 166
2015/11/4, 171
2015/11/5, 183
2015/11/6, 177
2015/11/7, 152
2015/11/8, 159
2015/11/16, 182
2015/11/17, 171
2015/11/18, 161
2015/11/19, 152
2015/11/20, 151
2015/11/21, 145
2015/11/22, 133
2015/11/23, 148
2015/11/24, 92
2015/11/25, 153
2015/11/27, 156
2015/11/28, 156
2015/11/29, 167
2015/11/30, 175
2015/12/1, 178
2015/12/2, 185
2015/12/3, 172
2015/12/4, 170
2015/12/5, 164
2015/12/6, 166
2015/12/7, 160
2015/12/8, 166
2015/12/9, 174
2015/12/10, 166
2015/12/11, 169
2015/12/12, 175
2015/12/13, 171
2015/12/14, 181
2015/12/15, 186
2015/12/16, 191
2015/12/17, 169
2015/12/18, 165
2015/12/19, 179
2015/12/20, 219
2015/12/21, 183
2015/12/22, 161
2015/12/23, 194
2015/12/24, 173
2015/12/25, 152
2015/12/26, 166
2015/12/27, 176
2015/12/28, 182
2015/12/29, 189
2015/12/30, 188
2016/1/3, 185
2015/7/1, 76
2015/7/2, 56
2015/7/3, 51
2015/7/4, 52
2015/7/5, 48
2015/7/6, 49
2015/7/7, 54
2015/7/8, 47
2015/7/9, 49
2015/7/10, 63
2015/7/11, 64
2015/7/12, 63
2015/7/13, 62
2015/7/14, 65
2015/7/17, 74
2015/7/18, 67
2015/7/19, 57
2015/7/20, 58
2015/7/21, 55
2015/7/22, 65
2015/7/23, 92
2015/7/24, 56
2015/7/30, 30
2015/7/31, 39
2015/8/1, 42
2015/8/2, 45
2015/8/3, 47
2015/8/4, 53
2015/8/5, 47
2015/8/6, 51
2015/8/7, 55
2015/8/8, 58
2015/8/9, 62
2015/8/10, 71
2015/8/11, 74
2015/8/12, 80
2015/8/13, 57
2015/8/14, 47
2015/8/15, 44
2015/8/16, 50
2015/8/17, 67
2015/8/18, 65
2015/8/19, 71
2015/8/20, 63
2015/8/21, 47
2015/8/22, 41
2015/8/23, 48
2015/8/24, 46
2015/8/25, 56
2015/8/26, 56
2015/8/27, 44
2015/8/28, 61
2015/8/29, 71
2015/8/30, 63
2015/8/31, 78
2015/9/1, 77
2015/9/2, 84
2015/9/3, 103
2015/9/4, 108
2015/9/5, 109
2015/9/6, 86
2015/9/7, 66
2015/9/8, 74
2015/9/9, 79
2015/9/10, 86
2015/9/11, 117
2015/9/12, 88
2015/9/13, 92
2015/9/14, 81
2015/9/15, 50
2015/9/16, 81
2015/9/17, 40
2015/9/18, 73
2015/9/19, 62
2015/9/20, 63
2015/9/21, 54
2015/9/22, 64
2015/9/23, 81
2015/9/24, 103
2015/9/25, 116
2015/9/26, 115
2015/9/27, 97
2015/9/28, 115
2015/9/29, 153
2015/9/30, 147
2015/4/1, 94
2015/4/2, 93
2015/4/3, 79
2015/4/4, 91
2015/4/5, 121
2015/4/6, 173
2015/4/7, 163
2015/4/8, 156
2015/4/9, 152
2015/4/10, 134
2015/4/11, 130
2015/4/12, 101
2015/4/13, 115
2015/4/14, 125
2015/4/15, 140
2015/4/16, 124
2015/4/17, 120
2015/4/18, 130
2015/4/19, 105
2015/4/20, 89
2015/4/21, 117
2015/4/22, 104
2015/4/23, 114
2015/4/24, 121
2015/4/25, 106
2015/4/26, 97
2015/4/27, 92
2015/4/28, 77
2015/4/29, 90
2015/4/30, 110
2015/5/1, 74
2015/5/2, 97
2015/5/3, 106
2015/5/4, 108
2015/5/5, 109
2015/5/6, 114
2015/5/7, 92
2015/5/8, 80
2015/5/9, 93
2015/5/10, 74
2015/5/11, 81
2015/5/12, 78
2015/5/13, 81
2015/5/14, 87
2015/5/15, 94
2015/5/16, 101
2015/5/17, 75
2015/5/18, 64
2015/5/19, 60
2015/5/20, 53
2015/5/21, 64
2015/5/22, 57
2015/5/23, 53
2015/5/24, 58
2015/5/25, 61
2015/5/26, 59
2015/5/27, 64
2015/5/28, 60
2015/5/29, 58
2015/5/30, 69
2015/5/31, 79
2015/6/1, 64
2015/6/2, 61
2015/6/3, 66
2015/6/4, 72
2015/6/5, 75
2015/6/6, 93
2015/6/7, 55
2015/6/8, 58
2015/6/9, 45
2015/6/10, 30
2015/6/11, 44
2015/6/12, 49
2015/6/13, 64
2015/6/14, 73
2015/6/15, 72
2015/6/16, 64
2015/6/17, 60
2015/6/18, 47
2015/6/19, 32
2015/6/20, 36
2015/6/21, 57
2015/6/22, 81
2015/6/23, 70
2015/6/24, 86
2015/6/25, 92
2015/6/26, 94
2015/6/27, 94
2015/6/28, 81
2015/6/30, 79
2015/1/1, 163
2015/1/2, 165
2015/1/3, 170
2015/1/4, 159
2015/1/5, 145
2015/1/6, 154
2015/1/7, 164
2015/1/8, 169
2015/1/9, 159
2015/1/10, 164
2015/1/11, 168
2015/1/12, 170
2015/1/13, 169
2015/1/14, 174
2015/1/15, 161
2015/1/16, 152
2015/1/17, 155
2015/1/18, 162
2015/1/19, 176
2015/1/20, 168
2015/1/21, 155
2015/1/22, 138
2015/1/23, 88
2015/1/24, 129
2015/1/25, 168
2015/1/26, 152
2015/1/27, 145
2015/1/28, 156
2015/1/29, 155
2015/1/30, 154
2015/1/31, 149
2015/2/1, 209
2015/2/2, 161
2015/2/3, 163
2015/2/4, 177
2015/2/5, 180
2015/2/6, 167
2015/2/7, 165
2015/2/8, 157
2015/2/9, 160
2015/2/10, 165
2015/2/11, 172
2015/2/12, 162
2015/2/13, 172
2015/2/14, 172
2015/2/15, 171
2015/2/16, 160
2015/2/17, 163
2015/2/18, 163
2015/2/19, 162
2015/2/20, 159
2015/2/21, 182
2015/2/22, 181
2015/2/23, 192
2015/2/24, 199
2015/2/25, 156
2015/2/26, 154
2015/2/27, 137
2015/2/28, 145
2015/3/1, 113
2015/3/3, 159
2015/3/4, 153
2015/3/5, 156
2015/3/6, 241
2015/3/7, 180
2015/3/8, 155
2015/3/9, 155
2015/3/10, 152
2015/3/13, 140
2015/3/14, 165
2015/3/15, 107
2015/3/16, 100
2015/3/17, 88
2015/3/18, 152
2015/3/19, 172
2015/3/20, 168
2015/3/21, 199
2015/3/22, 189
2015/3/23, 163
2015/3/24, 148
2015/3/25, 153
2015/3/26, 179
2015/3/27, 173
2015/3/28, 181
2015/3/29, 142
2015/3/30, 142
2015/3/31, 103
2014/12/10, 181
2014/12/11, 191
2014/12/12, 184
2014/12/13, 147
2014/12/14, 139
2014/12/15, 164
2014/12/16, 160
2014/12/17, 159
2014/12/18, 163
2014/12/19, 158
2014/12/20, 158
2014/12/21, 170
2014/12/22, 186
2014/12/23, 184
2014/12/24, 194
2014/12/25, 193
2014/12/26, 173
2014/12/27, 156
2014/12/28, 162